[
  {
    "id": "1430e84a-473f-4130-95cd-9e5e9f7581b2",
    "data": [
      {
        "text": "fermé",
        "userDefined": false
      }
    ],
    "isTemplate": false,
    "count": 0,
    "updated": 1549464541
  },
  {
    "id": "bc4bc6e6-52c9-4744-9a5e-b786861448e2",
    "data": [
      {
        "text": "cancel",
        "userDefined": false
      }
    ],
    "isTemplate": false,
    "count": 0,
    "updated": 1549464541
  },
  {
    "id": "50d84311-29a0-4d50-bf62-2f94fd0d1c1b",
    "data": [
      {
        "text": "arrêter",
        "userDefined": false
      }
    ],
    "isTemplate": false,
    "count": 0,
    "updated": 1549464541
  }
]