[
  {
    "id": "658204d7-8fea-4a56-8efe-66996256b245",
    "data": [
      {
        "text": "fermé",
        "userDefined": false
      }
    ],
    "isTemplate": false,
    "count": 0,
    "updated": 1549464541
  },
  {
    "id": "e93980a4-721a-4256-91b4-69ce7e2d5f1b",
    "data": [
      {
        "text": "cancel",
        "userDefined": false
      }
    ],
    "isTemplate": false,
    "count": 0,
    "updated": 1549464541
  },
  {
    "id": "9d38c5dd-7239-4c3b-87ec-c562df09b093",
    "data": [
      {
        "text": "arrêter",
        "userDefined": false
      }
    ],
    "isTemplate": false,
    "count": 0,
    "updated": 1549464541
  }
]