[
  {
    "id": "976e18ac-9693-4c41-845e-235db7023843",
    "data": [
      {
        "text": "fermé",
        "userDefined": false
      }
    ],
    "isTemplate": false,
    "count": 0,
    "updated": 1549464541
  },
  {
    "id": "2cdf2801-2dd1-4732-9e0b-dcbc693dc14e",
    "data": [
      {
        "text": "cancel",
        "userDefined": false
      }
    ],
    "isTemplate": false,
    "count": 0,
    "updated": 1549464541
  },
  {
    "id": "d2ee3c87-48a2-4d12-8d63-5a2543b269c9",
    "data": [
      {
        "text": "arrêter",
        "userDefined": false
      }
    ],
    "isTemplate": false,
    "count": 0,
    "updated": 1549464541
  }
]