[
  {
    "id": "dafbc9f2-2b23-4dc0-b253-8a23b9014ab1",
    "data": [
      {
        "text": "fermé",
        "userDefined": false
      }
    ],
    "isTemplate": false,
    "count": 0,
    "updated": 1549464541
  },
  {
    "id": "f0107123-9267-4da3-ade8-6bd5a5758f83",
    "data": [
      {
        "text": "cancel",
        "userDefined": false
      }
    ],
    "isTemplate": false,
    "count": 0,
    "updated": 1549464541
  },
  {
    "id": "4e86d024-8925-4e6e-a2a9-9720616bf811",
    "data": [
      {
        "text": "arrêter",
        "userDefined": false
      }
    ],
    "isTemplate": false,
    "count": 0,
    "updated": 1549464541
  }
]