[
  {
    "id": "5b1336ab-3603-4528-a09e-67d05faa1157",
    "data": [
      {
        "text": "je veux entendre ",
        "userDefined": false
      },
      {
        "text": "les misérables",
        "alias": "audiobook",
        "meta": "@sys.any",
        "userDefined": true
      }
    ],
    "isTemplate": false,
    "count": 0,
    "updated": 1549555096
  },
  {
    "id": "792db3ee-e823-479e-abb5-5aa559d27b62",
    "data": [
      {
        "text": "les misérables",
        "alias": "audiobook",
        "meta": "@sys.any",
        "userDefined": true
      }
    ],
    "isTemplate": false,
    "count": 0,
    "updated": 1549555096
  },
  {
    "id": "6f3b75e1-3d00-46c1-8b5e-204e3730c348",
    "data": [
      {
        "text": "lance moi ",
        "userDefined": false
      },
      {
        "text": "le rouge et le noir",
        "alias": "audiobook",
        "meta": "@sys.any",
        "userDefined": true
      }
    ],
    "isTemplate": false,
    "count": 0,
    "updated": 1549555096
  },
  {
    "id": "677c1ac9-5e1d-43ce-948a-fb4d482d0b16",
    "data": [
      {
        "text": "le rouge et le noir",
        "alias": "audiobook",
        "meta": "@sys.any",
        "userDefined": true
      }
    ],
    "isTemplate": false,
    "count": 0,
    "updated": 1549555096
  },
  {
    "id": "2017ef13-3d94-48a1-8499-1de41fa41686",
    "data": [
      {
        "text": "je veux écouter ",
        "userDefined": false
      },
      {
        "text": "le rouge et le noir",
        "alias": "audiobook",
        "meta": "@sys.any",
        "userDefined": true
      }
    ],
    "isTemplate": false,
    "count": 0,
    "updated": 1549555096
  },
  {
    "id": "c5fbe5ba-27d3-46fc-9bfd-3ae4778046cb",
    "data": [
      {
        "text": "je veux entendre ",
        "userDefined": false
      },
      {
        "text": "moby dick",
        "alias": "audiobook",
        "meta": "@sys.any",
        "userDefined": false
      }
    ],
    "isTemplate": false,
    "count": 0,
    "updated": 1549555096
  },
  {
    "id": "7907dcb3-0eb5-461b-83e1-b0c2d451a4fc",
    "data": [
      {
        "text": "lance ",
        "userDefined": false
      },
      {
        "text": "moi",
        "meta": "@sys.ignore",
        "userDefined": false
      },
      {
        "text": " ",
        "userDefined": false
      },
      {
        "text": "moby dick",
        "alias": "audiobook",
        "meta": "@sys.any",
        "userDefined": false
      }
    ],
    "isTemplate": false,
    "count": 0,
    "updated": 1549555096
  },
  {
    "id": "beefd1d3-4972-4ba8-a73b-b93d4a08f7b1",
    "data": [
      {
        "text": "moby dick",
        "alias": "audiobook",
        "meta": "@sys.any",
        "userDefined": false
      }
    ],
    "isTemplate": false,
    "count": 0,
    "updated": 1549555096
  },
  {
    "id": "0b5ccc27-6625-4a88-855c-aa6df9631a7f",
    "data": [
      {
        "text": "joue ",
        "userDefined": false
      },
      {
        "text": "moi",
        "meta": "@sys.ignore",
        "userDefined": false
      },
      {
        "text": " ",
        "userDefined": false
      },
      {
        "text": "moby dick",
        "alias": "audiobook",
        "meta": "@sys.any",
        "userDefined": false
      }
    ],
    "isTemplate": false,
    "count": 0,
    "updated": 1549555096
  },
  {
    "id": "fafa5a39-1c47-47a3-b167-c8dda783dcf8",
    "data": [
      {
        "text": "je veux écouter ",
        "userDefined": false
      },
      {
        "text": "moby-dick",
        "alias": "audiobook",
        "meta": "@sys.any",
        "userDefined": true
      }
    ],
    "isTemplate": false,
    "count": 0,
    "updated": 1549555096
  }
]