[
  {
    "id": "695be46f-306f-42c8-9ac5-a4d533d5e066",
    "data": [
      {
        "text": "je veux entendre ",
        "userDefined": false
      },
      {
        "text": "les misérables",
        "alias": "audiobook",
        "meta": "@sys.any",
        "userDefined": true
      }
    ],
    "isTemplate": false,
    "count": 0,
    "updated": 1549555096
  },
  {
    "id": "dabb67e3-5df9-4365-8dea-18aac3f6f637",
    "data": [
      {
        "text": "les misérables",
        "alias": "audiobook",
        "meta": "@sys.any",
        "userDefined": true
      }
    ],
    "isTemplate": false,
    "count": 0,
    "updated": 1549555096
  },
  {
    "id": "1f5e83bd-5d37-43d7-bfc9-0311ae833a4b",
    "data": [
      {
        "text": "lance moi ",
        "userDefined": false
      },
      {
        "text": "le rouge et le noir",
        "alias": "audiobook",
        "meta": "@sys.any",
        "userDefined": true
      }
    ],
    "isTemplate": false,
    "count": 0,
    "updated": 1549555096
  },
  {
    "id": "1fc7d838-cea6-4d22-acf3-4b189b640737",
    "data": [
      {
        "text": "le rouge et le noir",
        "alias": "audiobook",
        "meta": "@sys.any",
        "userDefined": true
      }
    ],
    "isTemplate": false,
    "count": 0,
    "updated": 1549555096
  },
  {
    "id": "039e8d15-23c5-493f-87e6-88d65e3771cd",
    "data": [
      {
        "text": "je veux écouter ",
        "userDefined": false
      },
      {
        "text": "le rouge et le noir",
        "alias": "audiobook",
        "meta": "@sys.any",
        "userDefined": true
      }
    ],
    "isTemplate": false,
    "count": 0,
    "updated": 1549555096
  },
  {
    "id": "93e04ed0-5cd7-4124-bd7b-335c58a2544d",
    "data": [
      {
        "text": "je veux entendre ",
        "userDefined": false
      },
      {
        "text": "moby dick",
        "alias": "audiobook",
        "meta": "@sys.any",
        "userDefined": false
      }
    ],
    "isTemplate": false,
    "count": 0,
    "updated": 1549555096
  },
  {
    "id": "dd48a9f3-6363-492c-8f6f-70733ac36c0a",
    "data": [
      {
        "text": "lance ",
        "userDefined": false
      },
      {
        "text": "moi",
        "meta": "@sys.ignore",
        "userDefined": false
      },
      {
        "text": " ",
        "userDefined": false
      },
      {
        "text": "moby dick",
        "alias": "audiobook",
        "meta": "@sys.any",
        "userDefined": false
      }
    ],
    "isTemplate": false,
    "count": 0,
    "updated": 1549555096
  },
  {
    "id": "3367639c-3360-45f3-8305-9d38d8db0e06",
    "data": [
      {
        "text": "moby dick",
        "alias": "audiobook",
        "meta": "@sys.any",
        "userDefined": false
      }
    ],
    "isTemplate": false,
    "count": 0,
    "updated": 1549555096
  },
  {
    "id": "bf3c7a62-aa38-43c5-8621-c05ad06fc5f4",
    "data": [
      {
        "text": "joue ",
        "userDefined": false
      },
      {
        "text": "moi",
        "meta": "@sys.ignore",
        "userDefined": false
      },
      {
        "text": " ",
        "userDefined": false
      },
      {
        "text": "moby dick",
        "alias": "audiobook",
        "meta": "@sys.any",
        "userDefined": false
      }
    ],
    "isTemplate": false,
    "count": 0,
    "updated": 1549555096
  },
  {
    "id": "c680e4a0-a5ac-4c8e-8cb5-ebd4fe2b4da6",
    "data": [
      {
        "text": "je veux écouter ",
        "userDefined": false
      },
      {
        "text": "moby-dick",
        "alias": "audiobook",
        "meta": "@sys.any",
        "userDefined": true
      }
    ],
    "isTemplate": false,
    "count": 0,
    "updated": 1549555096
  }
]